Cluster,n,Idade_mean,Idade_median,Idade_std,Estatura_mean,Estatura_median,Estatura_std,MC_mean,MC_median,MC_std,Anos de JJ_mean,Anos de JJ_median,Anos de JJ_std,Sexo_mode,Grad. no JJ_mode,Categoria de peso_mode,Local_Outro_prev,Tipo_Outro_prev,Local_Pés_prev,Local_Cabeça_prev,Local_Tornozelo_prev,Local_Cotovelo_prev,Local_Mãos e dedos_prev,Local_Quadril_prev,Local_Ombro_prev,Local_Joelho_prev,Tipo_Tendinites ou bursites_prev,Tipo_Luxação_prev,Tipo_Muscular_prev,Tipo_Fratura_prev,Tipo_Entorse_prev
0.0,44,35.22727272727273,37.5,10.600271247875746,174.86363636363637,175.0,8.236591384312767,82.23863636363636,82.0,14.890487300647349,8.456818181818182,7.25,7.582826304015609,Masculino,Branca,"Até 82,3 kg",,,,,,,,,,,,,,,
1.0,29,38.3448275862069,39.0,9.10367218712539,177.41379310344828,177.0,6.769243687334809,84.42068965517241,86.0,11.333432820967758,12.10689655172414,14.0,8.01511656783974,Masculino,Preta,"Até 88,3 kg",0.0,0.0,10.344827586206897,3.4482758620689653,20.689655172413794,27.586206896551722,34.48275862068966,17.24137931034483,34.48275862068966,51.724137931034484,24.137931034482758,31.03448275862069,51.724137931034484,13.793103448275861,41.37931034482759
2.0,49,30.53061224489796,30.0,7.214285714285715,168.0204081632653,167.0,8.199313477151525,70.62857142857143,70.0,13.36388167163019,4.324489795918367,3.0,3.707342411364513,Masculino,Azul,Até 64 kg,0.0,0.0,20.408163265306122,2.0408163265306123,14.285714285714286,14.285714285714286,36.734693877551024,8.16326530612245,38.775510204081634,38.775510204081634,26.53061224489796,42.857142857142854,44.89795918367347,8.16326530612245,28.571428571428573
3.0,64,33.625,33.0,9.442390066012427,173.82539682539684,175.0,7.8484427930305785,79.215625,80.0,14.330267875408065,6.303125,5.0,6.149382953946332,Masculino,Azul,Até 76 kg,0.0,0.0,12.5,10.9375,17.1875,18.75,35.9375,20.3125,39.0625,53.125,29.6875,29.6875,46.875,15.625,28.125
